Timestamp,Temperature,Humidity,Pressure,Light_Intensity
2025-01-01 00:00:00,22.44421792340215,91.66839870672251,1012.986502775262,0.0
2025-01-01 01:00:00,22.42066080730449,88.62631312170059,1011.779156350029,130.52619222005157
2025-01-01 02:00:00,23.653350604312596,77.81428841973549,1011.6718139511016,258.81904510252076
2025-01-01 03:00:00,24.600861160332123,84.01367741932198,1013.17136828119,382.6834323650898
2025-01-01 04:00:00,25.687247088322728,78.72219473658667,1011.5214780096326,499.99999999999994
2025-01-01 05:00:00,26.83223485470437,75.9536139777119,1014.0571222262189,608.7614290087207
2025-01-01 06:00:00,28.91688037430108,67.87711878530963,1013.3240839693948,707.1067811865476
2025-01-01 07:00:00,30.105444359923816,68.75834527923449,1013.6116762888408,793.3533402912352
2025-01-01 08:00:00,32.260570990764826,69.27269837581895,1012.1607824767774,866.0254037844386
2025-01-01 09:00:00,32.83310572871053,66.32757883678964,1013.9755451271224,923.8795325112867
2025-01-01 10:00:00,33.70163653330084,63.039750003406866,1011.893665025994,965.9258262890684
2025-01-01 11:00:00,33.94252287521092,65.55253171676075,1014.3562400285708,991.4448613738103
2025-01-01 12:00:00,34.709066168726686,64.5924663562227,1013.3616360250477,1000.0
2025-01-01 13:00:00,34.2180663099487,63.64805419662783,1014.538036566466,991.4448613738103
2025-01-01 14:00:00,33.92331063266851,67.847309702105,1010.3802548959103,965.9258262890684
2025-01-01 15:00:00,33.398663168823745,64.46381486706703,1012.7009926495341,923.8795325112868
2025-01-01 16:00:00,31.790951617784604,61.45539002062812,1012.7803281121625,866.0254037844387
2025-01-01 17:00:00,30.476541785887846,74.48059856244886,1012.4817297817264,793.3533402912352
2025-01-01 18:00:00,28.340824428070256,72.81308001310587,1013.9154021177021,707.1067811865476
2025-01-01 19:00:00,27.35653251373157,74.69765436123575,1013.5132674331134,608.7614290087208
2025-01-01 20:00:00,25.79361000419087,82.31871496321693,1012.2979469061227,499.99999999999994
2025-01-01 21:00:00,24.338599469098682,81.14647660240617,1011.5364850518679,382.6834323650899
2025-01-01 22:00:00,23.696978945342504,84.38920792585465,1013.0051134566424,258.81904510252105
2025-01-01 23:00:00,22.832222705094868,81.08944236365903,1012.5793546772346,130.526192220052
2025-01-02 00:00:00,21.62124628997984,85.35067561237547,1013.6333916115143,0.0
2025-01-02 01:00:00,22.199074018916082,92.26040966579943,1013.9692551360121,130.52619222005157
2025-01-02 02:00:00,22.725226320897974,85.32620961090555,1011.8759061078813,258.81904510252076
2025-01-02 03:00:00,23.536705923399328,84.10727878302443,1016.2579194356656,382.6834323650898
2025-01-02 04:00:00,24.696423065852663,82.5117958952955,1013.759965553475,499.99999999999994
2025-01-02 05:00:00,25.655350258818338,83.11776792590838,1014.5466103558671,608.7614290087207
2025-01-02 06:00:00,28.188119521764747,71.89559859208629,1015.1974716341164,707.1067811865476
2025-01-02 07:00:00,28.644592287462206,75.47138670647641,1015.9851329489902,793.3533402912352
2025-01-02 08:00:00,30.29733538567788,68.70643603983592,1013.8943286882679,866.0254037844386
2025-01-02 09:00:00,31.78350640830441,62.78099689019278,1013.8632402979863,923.8795325112867
2025-01-02 10:00:00,32.4576041140868,67.50556906373195,1012.8752530889465,965.9258262890684
2025-01-02 11:00:00,34.3631257084864,59.92398870601849,1013.4726158069747,991.4448613738103
2025-01-02 12:00:00,34.19936215692805,58.908682736842024,1014.0221372577844,1000.0
2025-01-02 13:00:00,34.24172988311884,57.69409053007863,1013.9793111817125,991.4448613738103
2025-01-02 14:00:00,33.118697368074066,67.10807387918379,1012.5577266123022,965.9258262890684
2025-01-02 15:00:00,31.375015928820375,69.81579283920995,1014.0916619964134,923.8795325112868
2025-01-02 16:00:00,30.917849973416168,70.20364468165859,1013.1146526016017,866.0254037844387
2025-01-02 17:00:00,29.46164466743885,72.95592808501834,1013.0803259051539,793.3533402912352
2025-01-02 18:00:00,28.725490803815603,74.97051715510416,1012.6033738259777,707.1067811865476
2025-01-02 19:00:00,26.567966081945016,74.940022825428,1014.5817619269227,608.7614290087208
2025-01-02 20:00:00,25.371901337746927,77.79415036945102,1014.7580534524246,499.99999999999994
2025-01-02 21:00:00,23.75635332459219,85.95347383079908,1015.6914703058342,382.6834323650899
2025-01-02 22:00:00,22.473757067535157,83.7912773718572,1012.9051628935548,258.81904510252105
2025-01-02 23:00:00,21.5891434480261,87.59040797570549,1014.1358292979969,130.526192220052
2025-01-03 00:00:00,23.10987820681605,87.26179333347598,1014.5706752611126,0.0
2025-01-03 01:00:00,23.902744887995286,82.40053972429557,1017.2778425358242,130.52619222005157
2025-01-03 02:00:00,24.088214058326912,80.25209921409733,1013.4867808711736,258.81904510252076
2025-01-03 03:00:00,24.970128327653345,80.38935498871577,1015.2716738633268,382.6834323650898
2025-01-03 04:00:00,26.20815161943781,78.36521002315375,1013.7108796511662,499.99999999999994
2025-01-03 05:00:00,26.661194924192984,76.33806529541297,1015.4140721635581,608.7614290087207
2025-01-03 06:00:00,29.07857967921614,69.10562430543176,1014.7308542950858,707.1067811865476
2025-01-03 07:00:00,30.71710576763058,66.91421615613542,1014.7113984751802,793.3533402912352
2025-01-03 08:00:00,32.00063716637404,63.56981477376005,1014.915460729583,866.0254037844386
2025-01-03 09:00:00,33.494565757454446,67.26002221461694,1015.6114754212696,923.8795325112867
2025-01-03 10:00:00,33.47885054587912,61.22882378849639,1015.0727086364433,965.9258262890684
2025-01-03 11:00:00,35.02398074034155,62.49718157823504,1018.4104048598894,991.4448613738103
2025-01-03 12:00:00,35.256978062497616,63.892740795546565,1015.5116751327279,1000.0
2025-01-03 13:00:00,35.092783390538344,59.868625485002276,1015.3166425897278,991.4448613738103
2025-01-03 14:00:00,33.78127262258888,62.726998934602214,1014.0723098214055,965.9258262890684
2025-01-03 15:00:00,33.25511056396349,71.43375457209355,1012.6904081766429,923.8795325112868
2025-01-03 16:00:00,32.3146629023383,61.532526581754446,1014.0857415034452,866.0254037844387
2025-01-03 17:00:00,31.068922376249844,69.0549953047867,1013.4799285913053,793.3533402912352
2025-01-03 18:00:00,28.613880952521054,75.81103134176192,1013.8273067375175,707.1067811865476
2025-01-03 19:00:00,27.526847831326904,76.08301985705764,1013.9060730216288,608.7614290087208
2025-01-03 20:00:00,27.0435048518137,78.81474736332663,1012.532530782577,499.99999999999994
2025-01-03 21:00:00,24.82211927741647,79.3704020508619,1015.4101067040309,382.6834323650899
2025-01-03 22:00:00,23.379120015228057,83.8975506451432,1015.0626606482151,258.81904510252105
2025-01-03 23:00:00,23.608855446501693,80.18139988582928,1014.2231721333936,130.526192220052
2025-01-04 00:00:00,24.04707212903156,80.94586804421574,1017.0240241338612,0.0
2025-01-04 01:00:00,24.691480682358105,77.83438677227866,1016.1764318406349,130.52619222005157
2025-01-04 02:00:00,26.149470460411724,81.79845486083,1013.739199927626,258.81904510252076
2025-01-04 03:00:00,25.79978706105963,83.2011593254406,1014.5509004279613,382.6834323650898
2025-01-04 04:00:00,27.50645449868515,78.31099316291771,1014.331639422002,499.99999999999994
2025-01-04 05:00:00,28.701867835966016,63.87246230786076,1014.2341822522458,608.7614290087207
2025-01-04 06:00:00,30.158260708915456,66.94012903627454,1016.8909811975118,707.1067811865476
2025-01-04 07:00:00,31.122388366246845,67.43508980741535,1015.3893104708662,793.3533402912352
2025-01-04 08:00:00,34.0051814291451,58.682050688171486,1016.4217336457351,866.0254037844386
2025-01-04 09:00:00,34.53230200224112,58.99087004237391,1015.7206733678433,923.8795325112867
2025-01-04 10:00:00,35.580227055105404,58.038895258312806,1015.3283719785701,965.9258262890684
2025-01-04 11:00:00,35.887442943915566,59.56566614792261,1015.9207005681011,991.4448613738103
2025-01-04 12:00:00,37.07755319268471,53.13144711815003,1017.3916032682364,1000.0
2025-01-04 13:00:00,35.1040558425852,60.33653302972286,1015.8468871000647,991.4448613738103
2025-01-04 14:00:00,35.62119314118619,57.88951515816584,1015.0504476432228,965.9258262890684
2025-01-04 15:00:00,34.28068500440191,60.670535720363546,1016.1081719906011,923.8795325112868
2025-01-04 16:00:00,33.46305252759456,61.99516615902891,1016.1581697690134,866.0254037844387
2025-01-04 17:00:00,31.991108815665466,69.45636872518594,1015.8881987355037,793.3533402912352
2025-01-04 18:00:00,29.870047279151002,69.57936232110708,1016.0058634987033,707.1067811865476
2025-01-04 19:00:00,29.03681564671365,72.86366392468025,1015.3758972768888,608.7614290087208
2025-01-04 20:00:00,27.92337723250625,73.37853136848,1015.8056672747501,499.99999999999994
2025-01-04 21:00:00,25.940807771275807,78.46534084776673,1016.3573467455673,382.6834323650899
2025-01-04 22:00:00,25.50110053639942,82.43832783520307,1016.5640487007345,258.81904510252105
2025-01-04 23:00:00,24.49949174769401,84.04687541849687,1014.9483031369866,130.526192220052
2025-01-05 00:00:00,21.810853114159215,86.98786460857852,1015.9664203285909,0.0
2025-01-05 01:00:00,22.15079349289904,84.2437509645015,1017.9618116392836,130.52619222005157
2025-01-05 02:00:00,21.94960882445851,83.45821651271979,1017.0275352370982,258.81904510252076
2025-01-05 03:00:00,23.801960597777175,85.26843825560212,1016.4977698728624,382.6834323650898
2025-01-05 04:00:00,24.642646551491538,79.02294378255942,1015.9452289217918,499.99999999999994
2025-01-05 05:00:00,25.757274811543816,82.41080957716562,1015.722366982096,608.7614290087207
2025-01-05 06:00:00,27.23602133951874,75.56379979600354,1016.2823558178737,707.1067811865476
2025-01-05 07:00:00,28.91982193212813,70.69369494904444,1016.11311157509,793.3533402912352
2025-01-05 08:00:00,30.77125322346936,67.9366640269479,1015.3983860579798,866.0254037844386
2025-01-05 09:00:00,32.0074355937131,62.640875788081836,1014.4619605892216,923.8795325112867
2025-01-05 10:00:00,32.4857002499954,65.38825804487365,1016.1803319291961,965.9258262890684
2025-01-05 11:00:00,34.18200300412418,65.20897286135771,1015.7094858336346,991.4448613738103
2025-01-05 12:00:00,33.639261833963644,60.713888238159285,1015.8509112276057,1000.0
2025-01-05 13:00:00,33.29999557618933,65.3681645286356,1015.0421934200458,991.4448613738103
2025-01-05 14:00:00,33.10459561774221,69.38902550352331,1015.7606642151412,965.9258262890684
2025-01-05 15:00:00,32.09226648608375,68.88589900296583,1015.4682038917123,923.8795325112868
2025-01-05 16:00:00,30.760816178820207,69.51614484470497,1015.967100462147,866.0254037844387
2025-01-05 17:00:00,28.815179316602386,73.44317188957207,1016.3674226548436,793.3533402912352
2025-01-05 18:00:00,28.374341741812515,77.12912899463059,1018.0226068211097,707.1067811865476
2025-01-05 19:00:00,25.71218188585585,82.19259813845034,1016.0527663693365,608.7614290087208
2025-01-05 20:00:00,25.74367140452383,77.08776233488689,1015.0297025214173,499.99999999999994
2025-01-05 21:00:00,23.1064329280737,78.41544697092317,1015.3436693419173,382.6834323650899
2025-01-05 22:00:00,22.073051184431513,87.30507899056559,1016.2111803393752,258.81904510252105
2025-01-05 23:00:00,22.791300399788533,88.26867071498108,1015.2925207079358,130.526192220052
2025-01-06 00:00:00,21.19958722890205,90.07658305671542,1015.0456507322109,0.0
2025-01-06 01:00:00,22.768968989768993,89.00038238262587,1015.8967082871269,130.52619222005157
2025-01-06 02:00:00,21.596074877324156,91.86946736784793,1016.251344093979,258.81904510252076
2025-01-06 03:00:00,24.025062033443675,78.16659295672954,1015.7665089162779,382.6834323650898
2025-01-06 04:00:00,24.65141641443532,81.8381089524236,1015.9158184677524,499.99999999999994
2025-01-06 05:00:00,26.407305260134855,74.9825281915825,1016.2235044542103,608.7614290087207
2025-01-06 06:00:00,27.708942380432177,77.1254317413119,1017.0774988173205,707.1067811865476
2025-01-06 07:00:00,28.639387789272416,69.1188819092483,1017.6435607611301,793.3533402912352
2025-01-06 08:00:00,30.814951570566024,67.12463724919829,1017.9170359147541,866.0254037844386
2025-01-06 09:00:00,31.94927256884194,70.6393464145076,1016.4334024206418,923.8795325112867
2025-01-06 10:00:00,33.87532094972386,68.5153806278819,1016.1169197907525,965.9258262890684
2025-01-06 11:00:00,33.93013499778782,65.07585785317981,1017.734515496764,991.4448613738103
2025-01-06 12:00:00,33.16633283428617,66.72548871142297,1017.4243084260812,1000.0
2025-01-06 13:00:00,32.56497977909908,62.32026490380451,1014.3266517614715,991.4448613738103
2025-01-06 14:00:00,32.710243570060584,67.73213962726672,1017.8682409913276,965.9258262890684
2025-01-06 15:00:00,31.928482641905404,72.02888135290307,1014.9857824810167,923.8795325112868
2025-01-06 16:00:00,29.79710334489865,71.23915021351284,1016.7499493881709,866.0254037844387
2025-01-06 17:00:00,29.185361461144304,66.42695077759177,1016.2767638997188,793.3533402912352
2025-01-06 18:00:00,26.996559814323803,79.01589801784252,1016.7324821853284,707.1067811865476
2025-01-06 19:00:00,25.62594040079743,78.20651844639505,1015.3066704173426,608.7614290087208
2025-01-06 20:00:00,24.617455015939644,84.63051692962443,1015.380157892896,499.99999999999994
2025-01-06 21:00:00,23.658177135215865,82.09287287445095,1015.5730111069693,382.6834323650899
2025-01-06 22:00:00,22.399126961892318,83.09601910895724,1015.8122346338844,258.81904510252105
2025-01-06 23:00:00,21.254300660547393,94.38557407765438,1016.4011474912033,130.526192220052
2025-01-07 00:00:00,24.018956469264797,83.60402679367309,1016.6158282941781,0.0
2025-01-07 01:00:00,24.462779465760068,83.91694116861015,1017.4856640539163,130.52619222005157
2025-01-07 02:00:00,24.90741622674919,79.45771282456758,1016.4531046467173,258.81904510252076
2025-01-07 03:00:00,24.97521795377401,76.50399090585633,1018.0950306113134,382.6834323650898
2025-01-07 04:00:00,28.19130308001173,73.87028572130741,1017.3047133069247,499.99999999999994
2025-01-07 05:00:00,28.971530029917734,82.29358236553026,1017.8477312553035,608.7614290087207
2025-01-07 06:00:00,30.304860427520705,67.52365782315731,1015.1217100236114,707.1067811865476
2025-01-07 07:00:00,32.02346531180982,64.68401714052744,1015.3059026342712,793.3533402912352
2025-01-07 08:00:00,33.04553278113982,61.66429042687717,1018.4152979789415,866.0254037844386
2025-01-07 09:00:00,35.0522797888551,60.87152249833994,1018.2081004827589,923.8795325112867
2025-01-07 10:00:00,35.603655799791525,57.20883579643216,1018.2512804211386,965.9258262890684
2025-01-07 11:00:00,36.43382920283782,55.02060313134499,1016.5378176657853,991.4448613738103
2025-01-07 12:00:00,35.931010096568706,54.98958061396958,1017.6543338914006,1000.0
2025-01-07 13:00:00,37.11908250123056,52.56613227608146,1017.2911255805595,991.4448613738103
2025-01-07 14:00:00,35.2396503614068,59.059323125892305,1016.13576241963,965.9258262890684
2025-01-07 15:00:00,34.17946452554047,62.78663583275355,1015.8972062274579,923.8795325112868
2025-01-07 16:00:00,33.504047636151014,63.84119039935056,1016.4892082970025,866.0254037844387
2025-01-07 17:00:00,31.467951662855413,66.33378268258417,1017.4835475696947,793.3533402912352
2025-01-07 18:00:00,30.61927781707328,66.82877863145778,1016.8274886492982,707.1067811865476
2025-01-07 19:00:00,29.19159851433186,67.60858712797217,1017.2715165362489,608.7614290087208
2025-01-07 20:00:00,27.037507343788164,78.63678131820315,1015.9648971873264,499.99999999999994
2025-01-07 21:00:00,25.223737485809544,75.66989771473142,1016.7762412905303,382.6834323650899
2025-01-07 22:00:00,25.302528051415198,77.68199402185638,1017.3667488026463,258.81904510252105
2025-01-07 23:00:00,23.7425042343922,83.31675213527365,1015.5171401441065,130.526192220052
2025-01-08 00:00:00,22.82523403982828,85.49172793429268,1016.0813855546699,0.0
2025-01-08 01:00:00,23.16331936388004,87.69223969988325,1016.3649070504307,130.52619222005157
2025-01-08 02:00:00,24.3728457270553,78.86518798191655,1017.4716030978691,258.81904510252076
2025-01-08 03:00:00,25.629295716939026,72.32647506574008,1016.1449036644833,382.6834323650898
2025-01-08 04:00:00,26.439688157319633,77.51148752723175,1017.3129447933252,499.99999999999994
2025-01-08 05:00:00,27.29624522975633,76.66727890290603,1016.7861216845617,608.7614290087207
2025-01-08 06:00:00,29.735043124559265,72.2931762807851,1017.2794015820291,707.1067811865476
2025-01-08 07:00:00,30.49812788128325,68.54092556521601,1016.5092407321342,793.3533402912352
2025-01-08 08:00:00,32.34837816491851,65.0402902277022,1017.2315737768503,866.0254037844386
2025-01-08 09:00:00,34.431493180171366,64.75038774995235,1016.615775387786,923.8795325112867
2025-01-08 10:00:00,34.94791147751797,59.87995092589941,1014.903674384776,965.9258262890684
2025-01-08 11:00:00,34.442663896005065,56.502296444912304,1016.5902854359125,991.4448613738103
2025-01-08 12:00:00,35.16036128332414,65.70858937017756,1017.268726293718,1000.0
2025-01-08 13:00:00,34.83715678705934,63.81390316943178,1014.730663610946,991.4448613738103
2025-01-08 14:00:00,34.46511179549028,64.38237199068034,1015.463212674174,965.9258262890684
2025-01-08 15:00:00,33.96566980245211,64.08414961757902,1016.526511006053,923.8795325112868
2025-01-08 16:00:00,32.46754302678251,72.87699251984817,1017.1236651750123,866.0254037844387
2025-01-08 17:00:00,30.82817665749465,67.96556398638997,1016.091954550489,793.3533402912352
2025-01-08 18:00:00,29.566320002001486,69.29910851827042,1017.0133651571732,707.1067811865476
2025-01-08 19:00:00,27.359409099731682,77.71812127777582,1017.2754610252408,608.7614290087208
2025-01-08 20:00:00,26.669922065858312,76.13010667171913,1016.6719239846605,499.99999999999994
2025-01-08 21:00:00,24.419129548718924,80.8288611223338,1017.3190994129986,382.6834323650899
2025-01-08 22:00:00,24.333493979345405,79.56651606877631,1017.8114048400595,258.81904510252105
2025-01-08 23:00:00,24.033416065397432,84.17347257887624,1018.8185947325119,130.526192220052
2025-01-09 00:00:00,20.908893821545785,85.44824824697417,1015.2195741632618,0.0
2025-01-09 01:00:00,22.248255619107756,88.46658573084667,1016.9427097412556,130.52619222005157
2025-01-09 02:00:00,22.23962031155085,83.14429223500316,1019.4440463917829,258.81904510252076
2025-01-09 03:00:00,23.117758324965898,85.09266773388288,1017.7240610360648,382.6834323650898
2025-01-09 04:00:00,24.53629303696593,82.59906599890553,1016.2078199567208,499.99999999999994
2025-01-09 05:00:00,25.97860832905045,84.68885683132422,1018.3437144583211,608.7614290087207
2025-01-09 06:00:00,28.09238173441727,73.28158950187189,1016.0086895919075,707.1067811865476
2025-01-09 07:00:00,28.78580923166287,73.59555627354035,1018.0924859306369,793.3533402912352
2025-01-09 08:00:00,29.449556106240163,76.6895387459015,1016.8402865135871,866.0254037844386
2025-01-09 09:00:00,31.32498857324315,65.3137097277332,1015.3434377403003,923.8795325112867
2025-01-09 10:00:00,32.90352613578516,65.41290162999489,1015.708333512425,965.9258262890684
2025-01-09 11:00:00,32.44380399280017,65.10503791652927,1018.6673159374554,991.4448613738103
2025-01-09 12:00:00,33.165992745415764,60.15858564981416,1016.7525513480801,1000.0
2025-01-09 13:00:00,32.954981593958145,56.999376883258996,1016.9439995456482,991.4448613738103
2025-01-09 14:00:00,32.376473578699866,68.33567193704053,1018.8472505071114,965.9258262890684
2025-01-09 15:00:00,32.10171162299074,65.98991068235402,1015.8917685034244,923.8795325112868
2025-01-09 16:00:00,31.582468322722505,68.01271865659845,1017.012223704079,866.0254037844387
2025-01-09 17:00:00,28.836640148157695,73.92097398598817,1016.8539340002421,793.3533402912352
2025-01-09 18:00:00,27.008957417657456,75.34150834096391,1016.9655411419501,707.1067811865476
2025-01-09 19:00:00,25.471161764915568,77.91913912213738,1017.104724639858,608.7614290087208
2025-01-09 20:00:00,24.168299812387144,87.17537934097378,1014.347324603773,499.99999999999994
2025-01-09 21:00:00,23.59890115993952,87.54045325761386,1014.9249041797578,382.6834323650899
2025-01-09 22:00:00,21.928292201350768,86.02909299931109,1015.5907827174482,258.81904510252105
2025-01-09 23:00:00,21.111325119567727,85.44562222446707,1018.7505648555897,130.526192220052
2025-01-10 00:00:00,23.28167926195268,88.25130676107713,1017.617062587556,0.0
2025-01-10 01:00:00,22.453759222035924,84.51892075708882,1017.3847650847407,130.52619222005157
2025-01-10 02:00:00,23.00662373822634,87.12574781406448,1016.6550651253547,258.81904510252076
2025-01-10 03:00:00,24.383788974484865,84.36530195564075,1017.3396538349988,382.6834323650898
2025-01-10 04:00:00,25.633356982469408,83.21127544515393,1015.8143271959129,499.99999999999994
2025-01-10 05:00:00,27.568893598235956,77.64151657743324,1016.5858440841988,608.7614290087207
2025-01-10 06:00:00,28.976906576500006,69.29284611784408,1017.8194175427196,707.1067811865476
2025-01-10 07:00:00,30.274303267772577,68.88322440289772,1017.9443997493497,793.3533402912352
2025-01-10 08:00:00,31.46166822010757,63.85127967069418,1015.3387613499889,866.0254037844386
2025-01-10 09:00:00,33.35948572817105,60.43974048616905,1018.6501847054972,923.8795325112867
2025-01-10 10:00:00,32.96902778414372,70.15131353658268,1017.1064079907154,965.9258262890684
2025-01-10 11:00:00,34.561038467178165,60.24316580521682,1017.2945266378648,991.4448613738103
2025-01-10 12:00:00,34.79502271416652,64.71986021771653,1017.0096181721748,1000.0
2025-01-10 13:00:00,34.684545903844295,60.54007155566984,1016.8384448997917,991.4448613738103
2025-01-10 14:00:00,34.16389337253161,57.5417080769669,1015.547205101407,965.9258262890684
2025-01-10 15:00:00,33.42811279950959,64.65637071536464,1016.7114071871601,923.8795325112868
2025-01-10 16:00:00,31.823057031911645,68.39663105226172,1016.3556308432035,866.0254037844387
2025-01-10 17:00:00,29.977601973292913,71.63233181870721,1015.9170177458977,793.3533402912352
2025-01-10 18:00:00,29.017966443236183,67.85631630081411,1017.9245461608384,707.1067811865476
2025-01-10 19:00:00,27.497224535970346,76.77364013100093,1017.8780815074583,608.7614290087208
2025-01-10 20:00:00,26.646577287610235,80.74995561983393,1015.0545162921811,499.99999999999994
2025-01-10 21:00:00,23.931410894891812,81.26272247712934,1016.9214815737237,382.6834323650899
2025-01-10 22:00:00,23.876517152906878,81.06973425472584,1017.0821572879898,258.81904510252105
2025-01-10 23:00:00,22.640593641467877,83.8842593080884,1015.4887294266646,130.526192220052
2025-01-11 00:00:00,20.843256837725853,85.2584325076993,1015.6613164543254,0.0
2025-01-11 01:00:00,22.036139401350816,84.07952453080254,1019.2695717721401,130.52619222005157
2025-01-11 02:00:00,22.355379988515118,86.84374839405439,1015.7788319271215,258.81904510252076
2025-01-11 03:00:00,23.412387713366513,82.44831109455365,1016.7591995219481,382.6834323650898
2025-01-11 04:00:00,25.584915729915704,79.54198884099463,1017.7864630335883,499.99999999999994
2025-01-11 05:00:00,25.400370977603238,80.09429257330264,1018.4079903429382,608.7614290087207
2025-01-11 06:00:00,26.991389931887422,82.45456581021594,1017.3449416427582,707.1067811865476
2025-01-11 07:00:00,28.576554343449295,75.74411453026798,1017.6097441569294,793.3533402912352
2025-01-11 08:00:00,30.615778441889905,65.05776895654883,1015.9100525314778,866.0254037844386
2025-01-11 09:00:00,31.42375483012484,67.9291900524502,1017.2578618048534,923.8795325112867
2025-01-11 10:00:00,32.58987638395457,61.814214155960556,1017.0173875583087,965.9258262890684
2025-01-11 11:00:00,33.405721291157626,65.86792876147787,1017.7179704328573,991.4448613738103
2025-01-11 12:00:00,33.72183453805576,64.93387116157379,1016.567023995844,1000.0
2025-01-11 13:00:00,32.26994795175772,67.74895875388232,1016.8448773944658,991.4448613738103
2025-01-11 14:00:00,32.63681530208563,61.896123668367814,1015.5561331668945,965.9258262890684
2025-01-11 15:00:00,32.074090574567045,66.73315338929595,1017.3186904046753,923.8795325112868
2025-01-11 16:00:00,30.31903264884654,70.45120312079415,1017.5754735132787,866.0254037844387
2025-01-11 17:00:00,28.59976536728774,74.08883159624746,1016.1749144185976,793.3533402912352
2025-01-11 18:00:00,27.08762534706515,75.89723293546379,1016.8593234789364,707.1067811865476
2025-01-11 19:00:00,25.512584879334444,83.74209861805168,1015.7425824050832,608.7614290087208
2025-01-11 20:00:00,24.211437638700627,81.25793154777621,1018.0841675916564,499.99999999999994
2025-01-11 21:00:00,23.16051016191781,87.77451329457028,1015.1516293342657,382.6834323650899
2025-01-11 22:00:00,22.242246171009302,89.18440004485171,1016.7194736965781,258.81904510252105
2025-01-11 23:00:00,22.042058690579573,85.36401726853974,1018.0465371474883,130.526192220052
2025-01-12 00:00:00,22.450854431454243,85.00977545577253,1015.7884830938776,0.0
2025-01-12 01:00:00,22.232542650469057,91.27363113625402,1015.7111255881251,130.52619222005157
2025-01-12 02:00:00,21.895159538390054,86.36432709663838,1014.889535104244,258.81904510252076
2025-01-12 03:00:00,22.59943870928323,82.78870028117733,1015.4661880501742,382.6834323650898
2025-01-12 04:00:00,24.284062925951226,83.13451834570711,1017.7844861080924,499.99999999999994
2025-01-12 05:00:00,25.2493140786601,83.45433903810955,1016.0199967710529,608.7614290087207
2025-01-12 06:00:00,27.2766735148184,78.47111144686302,1015.1112635937161,707.1067811865476
2025-01-12 07:00:00,29.045524513351765,73.40830759793563,1016.7264368792866,793.3533402912352
2025-01-12 08:00:00,30.445989691598527,77.47392103653563,1015.596245631027,866.0254037844386
2025-01-12 09:00:00,31.278547579262995,66.57348326219973,1015.6785084961181,923.8795325112867
2025-01-12 10:00:00,32.17886422869799,70.20932113592667,1017.6544898632682,965.9258262890684
2025-01-12 11:00:00,32.81158718050428,62.87975891967875,1016.7054011716648,991.4448613738103
2025-01-12 12:00:00,33.02529384750413,66.84820775825827,1016.4369086361296,1000.0
2025-01-12 13:00:00,32.339088269880406,70.96433906422938,1018.0298632883739,991.4448613738103
2025-01-12 14:00:00,32.19116344710905,65.45456842597395,1016.5198510060033,965.9258262890684
2025-01-12 15:00:00,31.711274451757415,69.55308391450366,1018.2441901540448,923.8795325112868
2025-01-12 16:00:00,30.212931755897596,68.17924475458943,1014.8546663872638,866.0254037844387
2025-01-12 17:00:00,28.48885462028878,73.92290984080105,1018.0285434787961,793.3533402912352
2025-01-12 18:00:00,27.042599720126532,77.58616441466363,1016.2175627192056,707.1067811865476
2025-01-12 19:00:00,26.342687735753536,85.89542180611379,1015.703116842358,608.7614290087208
2025-01-12 20:00:00,24.056685648385503,86.0191113344362,1016.9158771049047,499.99999999999994
2025-01-12 21:00:00,23.98211834539335,84.7875478651912,1015.8746935244912,382.6834323650899
2025-01-12 22:00:00,22.40058036228414,89.52495001718044,1017.0544677964757,258.81904510252105
2025-01-12 23:00:00,21.75948742746386,90.68104921383974,1017.403281205724,130.526192220052
2025-01-13 00:00:00,23.054022902867814,86.8380838570333,1015.5347346418878,0.0
2025-01-13 01:00:00,22.6407452928313,89.33803631386247,1014.8849170512174,130.52619222005157
2025-01-13 02:00:00,23.351127639078868,83.11772828486018,1015.7305975451395,258.81904510252076
2025-01-13 03:00:00,24.759528651533415,82.05423990099288,1015.7482892703608,382.6834323650898
2025-01-13 04:00:00,24.68301533685909,83.87273002436349,1016.3473369033458,499.99999999999994
2025-01-13 05:00:00,27.89165649838666,74.29335229836768,1015.9210030498685,608.7614290087207
2025-01-13 06:00:00,28.487635249204427,78.75708934088156,1015.6065571898177,707.1067811865476
2025-01-13 07:00:00,30.055368440849342,72.71295264745093,1015.888461845361,793.3533402912352
2025-01-13 08:00:00,31.139726600073786,69.30281677854735,1016.7754844720645,866.0254037844386
2025-01-13 09:00:00,32.092326444762804,67.21425613291503,1015.0017319072655,923.8795325112867
2025-01-13 10:00:00,34.1566191445181,58.11720099661247,1015.1429308749331,965.9258262890684
2025-01-13 11:00:00,34.34710430261572,67.00236348247158,1015.6361024611317,991.4448613738103
2025-01-13 12:00:00,34.08534364400245,68.47278392031687,1014.2538388217883,1000.0
2025-01-13 13:00:00,33.05909538677342,66.20185257661315,1015.199798497852,991.4448613738103
2025-01-13 14:00:00,33.04847942149033,67.0281104989174,1015.9456534359758,965.9258262890684
2025-01-13 15:00:00,32.323544779099976,62.51199724578736,1016.5743100504848,923.8795325112868
2025-01-13 16:00:00,31.688043996328382,67.32638441600508,1017.5484897182523,866.0254037844387
2025-01-13 17:00:00,29.380815294801096,67.6617938976236,1015.0099446523234,793.3533402912352
2025-01-13 18:00:00,28.3401503991713,75.04971754962547,1015.4606166643483,707.1067811865476
2025-01-13 19:00:00,26.986056834991075,73.27326805744651,1017.1456173262779,608.7614290087208
2025-01-13 20:00:00,25.321867818152764,83.70815185845885,1016.0445780685824,499.99999999999994
2025-01-13 21:00:00,24.348679329806657,84.0119431810833,1016.149561282222,382.6834323650899
2025-01-13 22:00:00,23.48815236457619,88.01115286124491,1015.8983738919061,258.81904510252105
2025-01-13 23:00:00,22.921890328408896,84.88701226032053,1017.1419699376542,130.526192220052
2025-01-14 00:00:00,18.791883481983668,98.81905433476511,1015.0218475366415,0.0
2025-01-14 01:00:00,18.61913712421987,94.14603899629263,1014.380953829811,130.52619222005157
2025-01-14 02:00:00,20.354248984801032,88.33363009249076,1014.6158220540711,258.81904510252076
2025-01-14 03:00:00,19.942668580421252,89.75774388141026,1012.638126160657,382.6834323650898
2025-01-14 04:00:00,21.33812822127044,90.60498752589201,1015.8478056459368,499.99999999999994
2025-01-14 05:00:00,23.789894143290663,80.51928328403103,1015.0142941311439,608.7614290087207
2025-01-14 06:00:00,25.12827836346802,77.26834920548633,1016.565403789053,707.1067811865476
2025-01-14 07:00:00,27.12167504891626,76.09375738067848,1015.0888913262804,793.3533402912352
2025-01-14 08:00:00,28.234271036987078,68.40625332075297,1014.8148281047653,866.0254037844386
2025-01-14 09:00:00,29.031728196133688,69.93168357804788,1014.7809051943999,923.8795325112867
2025-01-14 10:00:00,31.225075319144697,70.47237794551164,1014.4908264975031,965.9258262890684
2025-01-14 11:00:00,31.211925981425793,72.77421434690642,1015.9866391701986,991.4448613738103
2025-01-14 12:00:00,31.159894817973388,66.73940003093651,1015.7602288008994,1000.0
2025-01-14 13:00:00,31.122377283458587,71.44082509316601,1015.6971772889679,991.4448613738103
2025-01-14 14:00:00,30.851008413379603,67.6922775385591,1016.3793995529202,965.9258262890684
2025-01-14 15:00:00,29.47152012247879,78.28274237291821,1014.3728176691964,923.8795325112868
2025-01-14 16:00:00,28.998061534595927,73.59760928119609,1014.4105874836714,866.0254037844387
2025-01-14 17:00:00,26.441050986601265,77.1568561022145,1015.4861714336878,793.3533402912352
2025-01-14 18:00:00,25.39149737703105,78.49590523412216,1015.0376508950249,707.1067811865476
2025-01-14 19:00:00,24.64830054170411,86.88602842689392,1015.4983291569599,608.7614290087208
2025-01-14 20:00:00,22.149081372097402,87.06193123595999,1015.6755234600163,499.99999999999994
2025-01-14 21:00:00,20.376042663294815,89.47578506114034,1013.3934214134083,382.6834323650899
2025-01-14 22:00:00,20.13353877160931,92.6745102758896,1014.5788190249865,258.81904510252105
2025-01-14 23:00:00,20.121518056923907,87.07966689714517,1013.5976306070761,130.526192220052
2025-01-15 00:00:00,19.524849160510435,95.0915965868156,1016.0238802920815,0.0
2025-01-15 01:00:00,19.38762616206157,95.46079017617076,1014.3014441311229,130.52619222005157
2025-01-15 02:00:00,20.130157178553407,93.39066545535321,1014.9922754790371,258.81904510252076
2025-01-15 03:00:00,20.381786485619042,94.66604807793959,1015.7200439547711,382.6834323650898
2025-01-15 04:00:00,22.099841900475685,87.98772679936087,1014.8339827869064,499.99999999999994
2025-01-15 05:00:00,23.990045863527282,81.36899281140917,1013.6683292326856,608.7614290087207
2025-01-15 06:00:00,25.399846215734726,83.71849462630864,1014.883552755218,707.1067811865476
2025-01-15 07:00:00,26.78023035580252,79.75463542034001,1011.4914099799936,793.3533402912352
2025-01-15 08:00:00,28.9870061014165,67.8068464608327,1013.9775116592205,866.0254037844386
2025-01-15 09:00:00,29.095428991036663,68.92509759076395,1015.5007793880021,923.8795325112867
2025-01-15 10:00:00,30.374925073281137,71.28966149862988,1014.2930320217445,965.9258262890684
2025-01-15 11:00:00,31.44669862257642,68.33706842802792,1013.0569603764351,991.4448613738103
2025-01-15 12:00:00,31.91075666095402,65.69721692860801,1012.7833707019639,1000.0
2025-01-15 13:00:00,30.994120628481905,73.51403811493911,1015.1901743427371,991.4448613738103
2025-01-15 14:00:00,30.434449606733153,69.08332767357841,1014.0183175494062,965.9258262890684
2025-01-15 15:00:00,30.69363793013016,70.75853049643435,1014.7699942478147,923.8795325112868
2025-01-15 16:00:00,28.927764978246373,73.8608375205868,1014.080910454803,866.0254037844387
2025-01-15 17:00:00,26.86736259730308,77.05047102715164,1014.3027303641138,793.3533402912352
2025-01-15 18:00:00,25.77643802304894,79.60296161132402,1015.0725926778392,707.1067811865476
2025-01-15 19:00:00,23.819350690561034,83.5972041898262,1012.3417519160915,608.7614290087208
2025-01-15 20:00:00,22.87078708858169,86.2978912505306,1015.3379627104833,499.99999999999994
2025-01-15 21:00:00,19.721854875014323,97.82141436431354,1014.2003629724685,382.6834323650899
2025-01-15 22:00:00,20.770562236892577,86.33915774483826,1014.9527265056862,258.81904510252105
2025-01-15 23:00:00,19.09036051190921,90.94797209409417,1016.2539839544904,130.526192220052
2025-01-16 00:00:00,21.061227505756868,89.52984360802543,1014.4345477629282,0.0
2025-01-16 01:00:00,21.60885469239043,88.23354733064987,1013.9294410347056,130.52619222005157
2025-01-16 02:00:00,23.162124076051047,84.50289545679716,1013.7655790789544,258.81904510252076
2025-01-16 03:00:00,23.439255217023057,87.43806736482783,1014.7515103377998,382.6834323650898
2025-01-16 04:00:00,24.47593381715313,78.61911762750228,1015.1979115645405,499.99999999999994
2025-01-16 05:00:00,25.03048173901407,81.84694291768896,1012.8102041822201,608.7614290087207
2025-01-16 06:00:00,27.124499532842044,77.73728816522635,1013.8858372476897,707.1067811865476
2025-01-16 07:00:00,28.920443353871306,78.00024709943332,1014.0180143337534,793.3533402912352
2025-01-16 08:00:00,30.034490388493214,73.82328072787865,1014.753950521164,866.0254037844386
2025-01-16 09:00:00,30.78540548568933,71.22138923817091,1014.2656527745503,923.8795325112867
2025-01-16 10:00:00,32.20393937716518,70.7192416856045,1013.4144244452069,965.9258262890684
2025-01-16 11:00:00,33.014911890608715,64.45096074593096,1013.5800590798209,991.4448613738103
2025-01-16 12:00:00,32.60843116269094,61.462985026835234,1015.1589850954645,1000.0
2025-01-16 13:00:00,32.52864298971379,62.9685369722035,1011.4110899186358,991.4448613738103
2025-01-16 14:00:00,32.03324025500042,62.964250109776664,1015.2064951923758,965.9258262890684
2025-01-16 15:00:00,31.904117937929144,65.12731308860855,1015.8169158375838,923.8795325112868
2025-01-16 16:00:00,30.64745144963434,68.73060295020545,1011.0650743173659,866.0254037844387
2025-01-16 17:00:00,29.854954263049034,67.12137407361114,1011.9190812852826,793.3533402912352
2025-01-16 18:00:00,27.667853922143358,82.9835493747311,1014.94875285075,707.1067811865476
2025-01-16 19:00:00,25.885608995549596,81.01304503389666,1014.4178955910197,608.7614290087208
2025-01-16 20:00:00,24.53603300103192,82.77150826984428,1013.6686811361913,499.99999999999994
2025-01-16 21:00:00,22.882631455069493,82.97284332326099,1013.2838049553726,382.6834323650899
2025-01-16 22:00:00,21.113937876334216,88.47710536694731,1012.5758889250885,258.81904510252105
2025-01-16 23:00:00,20.809219089796247,89.92124427386794,1014.956482318584,130.526192220052
2025-01-17 00:00:00,20.939911622499523,84.40867494413142,1011.7768752897193,0.0
2025-01-17 01:00:00,21.155583955758065,85.74136990786894,1012.5418702762927,130.52619222005157
2025-01-17 02:00:00,21.55962694630401,84.97571274280108,1012.8718789324356,258.81904510252076
2025-01-17 03:00:00,21.571099884919978,86.05369729830642,1013.0862853604322,382.6834323650898
2025-01-17 04:00:00,22.68425645273253,86.95291130841615,1012.7468656273629,499.99999999999994
2025-01-17 05:00:00,25.204084026091817,81.26357435001034,1014.1306438562635,608.7614290087207
2025-01-17 06:00:00,26.54336557082232,76.6250522349796,1012.888800929322,707.1067811865476
2025-01-17 07:00:00,28.30531660463168,74.53594700171374,1012.8070951174935,793.3533402912352
2025-01-17 08:00:00,29.12975747559499,70.75178229615719,1011.36389815449,866.0254037844386
2025-01-17 09:00:00,31.598182378211124,64.07204553740391,1012.0735982284938,923.8795325112867
2025-01-17 10:00:00,31.3177021094204,71.04936891199253,1012.4715537479976,965.9258262890684
2025-01-17 11:00:00,32.90017931356964,63.17916950012912,1013.0454975885135,991.4448613738103
2025-01-17 12:00:00,32.063079792868486,73.3092877975832,1011.5789050072601,1000.0
2025-01-17 13:00:00,32.43121863234629,68.03889337810372,1013.1803025237411,991.4448613738103
2025-01-17 14:00:00,31.584261912766145,67.44201407526744,1012.8103148982688,965.9258262890684
2025-01-17 15:00:00,30.64989300580341,72.59185133877791,1014.977026427881,923.8795325112868
2025-01-17 16:00:00,29.202007426994452,68.48657620727386,1012.6782213779384,866.0254037844387
2025-01-17 17:00:00,29.32352225894065,69.94193177820951,1014.4056202317337,793.3533402912352
2025-01-17 18:00:00,27.319603726536585,74.70002782180285,1013.3354865054749,707.1067811865476
2025-01-17 19:00:00,25.74203736044751,78.37854205614252,1012.5629230661873,608.7614290087208
2025-01-17 20:00:00,23.189912862524043,81.57590408287332,1012.1172258812237,499.99999999999994
2025-01-17 21:00:00,21.626142498997954,87.84996540678178,1011.996530195231,382.6834323650899
2025-01-17 22:00:00,21.401493852687107,83.5293253560149,1013.0973836585041,258.81904510252105
2025-01-17 23:00:00,21.101962842568422,82.81486738714878,1013.1405599961372,130.526192220052
2025-01-18 00:00:00,23.085205495129557,81.20066595366727,1013.6504079787304,0.0
2025-01-18 01:00:00,22.885325545841525,83.11431334104172,1011.922066514235,130.52619222005157
2025-01-18 02:00:00,23.55438203244714,84.11925210934297,1012.516591584339,258.81904510252076
2025-01-18 03:00:00,23.768393515233942,83.97129544164035,1010.5641210949877,382.6834323650898
2025-01-18 04:00:00,25.41575796821856,77.45676113916852,1011.2423056493029,499.99999999999994
2025-01-18 05:00:00,27.536503315883007,79.20092373001678,1012.5869737127999,608.7614290087207
2025-01-18 06:00:00,27.925214616556623,74.20034541780235,1013.1909332918718,707.1067811865476
2025-01-18 07:00:00,30.095143726327986,77.7677011672891,1012.3711534312871,793.3533402912352
2025-01-18 08:00:00,31.567395557137928,66.93785949311663,1012.111376496675,866.0254037844386
2025-01-18 09:00:00,32.637776767821926,67.84877249442192,1012.9345379086873,923.8795325112867
2025-01-18 10:00:00,33.274528691345566,60.457243756635535,1010.1416302187894,965.9258262890684
2025-01-18 11:00:00,34.52092162008359,58.6480569413112,1009.8249449989402,991.4448613738103
2025-01-18 12:00:00,34.66566030115839,69.14767794998158,1011.9717646803529,1000.0
2025-01-18 13:00:00,34.68617134385314,61.87314538793642,1011.8789459387016,991.4448613738103
2025-01-18 14:00:00,34.12706166309342,61.875053041247206,1012.2452279059646,965.9258262890684
2025-01-18 15:00:00,32.874860589110206,63.24600746085044,1012.9698779414292,923.8795325112868
2025-01-18 16:00:00,31.38389112054521,65.96498228043103,1012.5143454354632,866.0254037844387
2025-01-18 17:00:00,29.575051278612516,71.93444091488234,1011.9687165952485,793.3533402912352
2025-01-18 18:00:00,29.0143187818087,74.39545713502247,1011.9528086331476,707.1067811865476
2025-01-18 19:00:00,27.327339877877932,80.51594289129608,1012.5356458982445,608.7614290087208
2025-01-18 20:00:00,25.476547308814602,76.11139668532032,1010.9127219288173,499.99999999999994
2025-01-18 21:00:00,24.076117959596296,81.01922747432955,1011.7908642889073,382.6834323650899
2025-01-18 22:00:00,23.303543538634834,85.98199118580052,1011.9073368138336,258.81904510252105
2025-01-18 23:00:00,22.919066863071606,85.35528951828715,1010.0023690255389,130.526192220052
2025-01-19 00:00:00,20.168296189808807,90.23114495321754,1010.0202234839795,0.0
2025-01-19 01:00:00,21.142373293981876,93.30750590906734,1012.4486800785179,130.52619222005157
2025-01-19 02:00:00,21.335090028546446,92.80199835345697,1011.3785856840227,258.81904510252076
2025-01-19 03:00:00,22.22678021403988,84.70623158129743,1010.9274485403324,382.6834323650898
2025-01-19 04:00:00,23.44387547744757,84.62349771223133,1011.3904922078705,499.99999999999994
2025-01-19 05:00:00,25.086572626179766,82.13766925687952,1012.4205645016069,608.7614290087207
2025-01-19 06:00:00,27.112740954438845,72.31982418577259,1008.6759970919186,707.1067811865476
2025-01-19 07:00:00,28.65803811295294,69.58328767884787,1011.0051528249279,793.3533402912352
2025-01-19 08:00:00,29.0529073736885,67.48824393988295,1011.7713809550254,866.0254037844386
2025-01-19 09:00:00,31.26018215398879,66.75010448984226,1008.6388759346756,923.8795325112867
2025-01-19 10:00:00,31.560994085298574,69.0534238456105,1009.7510066580464,965.9258262890684
2025-01-19 11:00:00,32.52519880434217,65.90367284379668,1011.8092097264217,991.4448613738103
2025-01-19 12:00:00,32.69775407092526,62.68528503550482,1012.4264897284851,1000.0
2025-01-19 13:00:00,32.35425405793911,66.20957826559199,1010.2966502677474,991.4448613738103
2025-01-19 14:00:00,31.61247518382906,65.12064149026118,1011.0569721668971,965.9258262890684
2025-01-19 15:00:00,31.73645881390864,63.41137894338865,1009.6163568289438,923.8795325112868
2025-01-19 16:00:00,30.373549050464987,69.62493086761442,1010.5608454881607,866.0254037844387
2025-01-19 17:00:00,28.710830501031342,71.76149237872673,1013.0559279403675,793.3533402912352
2025-01-19 18:00:00,26.976926822387817,75.58241213078726,1013.3872264400861,707.1067811865476
2025-01-19 19:00:00,24.78219215460139,83.66190180682514,1011.5292108072271,608.7614290087208
2025-01-19 20:00:00,24.28883453141758,87.10686452734541,1011.2619223758863,499.99999999999994
2025-01-19 21:00:00,22.018614264425807,88.34268789996574,1010.5522028570684,382.6834323650899
2025-01-19 22:00:00,22.448505087774862,86.51259581769848,1010.8645966755084,258.81904510252105
2025-01-19 23:00:00,20.934749081916227,85.08912296757846,1010.2583041883099,130.526192220052
2025-01-20 00:00:00,20.481751401969273,88.06581435914725,1009.5056574535471,0.0
2025-01-20 01:00:00,20.354315866526296,93.8484807309364,1011.2715217468941,130.52619222005157
2025-01-20 02:00:00,21.183415868193336,86.36278299790494,1009.1307577694872,258.81904510252076
2025-01-20 03:00:00,22.389570586855516,85.25281930976257,1010.301735419774,382.6834323650898
2025-01-20 04:00:00,23.54564151892159,85.5774069903588,1011.0084562083107,499.99999999999994
2025-01-20 05:00:00,25.41113134983248,78.24718260919461,1011.4804085643103,608.7614290087207
2025-01-20 06:00:00,25.910051010445603,79.98567481569857,1012.0810368626417,707.1067811865476
2025-01-20 07:00:00,27.688376596756996,77.23813504363491,1011.6250757735389,793.3533402912352
2025-01-20 08:00:00,28.69906808322562,71.08423483153175,1009.5077592422081,866.0254037844386
2025-01-20 09:00:00,29.141006840428346,78.88660770896428,1009.4493600705074,923.8795325112867
2025-01-20 10:00:00,30.967070058910807,68.23541998251163,1010.8599751340382,965.9258262890684
2025-01-20 11:00:00,32.08496801200112,69.411484441077,1009.9694909976602,991.4448613738103
2025-01-20 12:00:00,31.797983591103854,68.25177266925718,1010.3038773100456,1000.0
2025-01-20 13:00:00,32.480772193741466,67.51138046743182,1011.2874462222788,991.4448613738103
2025-01-20 14:00:00,31.4091375050374,71.70214656238117,1010.7335899949328,965.9258262890684
2025-01-20 15:00:00,29.475769161138427,73.24752553298106,1009.9012115424373,923.8795325112868
2025-01-20 16:00:00,28.617236107122185,75.52461984202091,1011.7908515076628,866.0254037844387
2025-01-20 17:00:00,27.445094506980215,77.03631002383646,1012.2547833808643,793.3533402912352
2025-01-20 18:00:00,26.001921037741347,86.80120726705849,1011.1180780818606,707.1067811865476
2025-01-20 19:00:00,23.44824879780403,86.36352726770555,1010.9337268211118,608.7614290087208
2025-01-20 20:00:00,23.526420825038436,85.96670240373301,1010.4141124522453,499.99999999999994
2025-01-20 21:00:00,21.026754642733096,88.31942094267573,1009.7020479820197,382.6834323650899
2025-01-20 22:00:00,20.395130300388068,91.9754746124857,1012.2224729405805,258.81904510252105
2025-01-20 23:00:00,20.283325255174145,86.84570030354615,1010.9971711044492,130.526192220052
2025-01-21 00:00:00,24.796788896705156,79.57707349363154,1009.8387728520953,0.0
2025-01-21 01:00:00,24.41026229301252,79.82478047472824,1010.6210704526121,130.52619222005157
2025-01-21 02:00:00,24.94184665637181,82.37490401897746,1009.0852978409662,258.81904510252076
2025-01-21 03:00:00,25.73710331610134,81.69293744128063,1009.5999568666765,382.6834323650898
2025-01-21 04:00:00,28.061955078999034,73.67718128515813,1010.1974747445202,499.99999999999994
2025-01-21 05:00:00,29.111854298703754,68.5211942037934,1008.2119812067875,608.7614290087207
2025-01-21 06:00:00,29.435644996097285,75.91646231808699,1009.4209318728758,707.1067811865476
2025-01-21 07:00:00,33.03048706683158,63.24628307036467,1010.1573413219653,793.3533402912352
2025-01-21 08:00:00,33.969528129666266,69.07922240514483,1012.0342935954046,866.0254037844386
2025-01-21 09:00:00,35.045296955798186,63.98159366583801,1010.5653169679695,923.8795325112867
2025-01-21 10:00:00,35.78380611417228,57.778830622669844,1009.154591135346,965.9258262890684
2025-01-21 11:00:00,35.99234088241126,58.50476436760269,1009.5195619694409,991.4448613738103
2025-01-21 12:00:00,36.54666687711069,60.772581871490154,1010.0611969050601,1000.0
2025-01-21 13:00:00,36.73279315164437,54.10934635431074,1009.7791305594885,991.4448613738103
2025-01-21 14:00:00,35.03621441578756,55.3279613172057,1009.8901093329256,965.9258262890684
2025-01-21 15:00:00,34.380240086309975,66.77986905710644,1010.6036017033231,923.8795325112868
2025-01-21 16:00:00,32.68637974121773,71.18951821656711,1011.1938237142936,866.0254037844387
2025-01-21 17:00:00,32.04243627573176,66.23567515198698,1009.0133507820448,793.3533402912352
2025-01-21 18:00:00,30.012369765346804,74.24150632841895,1011.8573763247028,707.1067811865476
2025-01-21 19:00:00,29.417180646903304,70.69909044083457,1008.8531725854792,608.7614290087208
2025-01-21 20:00:00,27.26891627683793,71.15684934963559,1010.2959577329531,499.99999999999994
2025-01-21 21:00:00,25.882031173113713,77.83782814816784,1008.3780869515015,382.6834323650899
2025-01-21 22:00:00,25.259120783960558,78.88365591309315,1008.802873183058,258.81904510252105
2025-01-21 23:00:00,22.966787089007095,84.98388110683389,1011.745041615438,130.526192220052
2025-01-22 00:00:00,22.49196515654413,84.64478091715293,1008.9114848499838,0.0
2025-01-22 01:00:00,22.100167719573296,83.80450824328854,1009.8154888101651,130.52619222005157
2025-01-22 02:00:00,22.84822326575591,88.98435314014111,1009.4135428338657,258.81904510252076
2025-01-22 03:00:00,23.316857987062424,81.73233626560548,1008.6868165563058,382.6834323650898
2025-01-22 04:00:00,24.54809610331943,83.00590431380968,1010.4272815365789,499.99999999999994
2025-01-22 05:00:00,25.7068318033149,84.06440210024877,1009.2425733093031,608.7614290087207
2025-01-22 06:00:00,27.650651902095976,73.45706115836458,1007.0894566500726,707.1067811865476
2025-01-22 07:00:00,29.656272518065844,73.8979866551456,1009.2323693532275,793.3533402912352
2025-01-22 08:00:00,30.69483090788263,71.15815583734704,1007.9511510534591,866.0254037844386
2025-01-22 09:00:00,31.639449897716336,70.10389424343282,1008.2594074871764,923.8795325112867
2025-01-22 10:00:00,33.00426693806014,60.9217207100095,1009.9801268927791,965.9258262890684
2025-01-22 11:00:00,33.43906976585586,59.27646502057175,1010.6784362648028,991.4448613738103
2025-01-22 12:00:00,33.294039760871165,61.981163167214525,1009.7142661075766,1000.0
2025-01-22 13:00:00,34.03120918171896,59.890116179626894,1009.5753767601936,991.4448613738103
2025-01-22 14:00:00,33.07189622214211,66.93552437750522,1009.6901384656229,965.9258262890684
2025-01-22 15:00:00,31.720462316847822,65.0763047043582,1009.599840793392,923.8795325112868
2025-01-22 16:00:00,30.125266043277396,61.985416462961396,1009.9502567145033,866.0254037844387
2025-01-22 17:00:00,29.666217240428416,64.57876821251764,1008.5039662056357,793.3533402912352
2025-01-22 18:00:00,27.970912679772795,81.23066104958951,1009.534490618021,707.1067811865476
2025-01-22 19:00:00,25.744419808040504,78.96247106060447,1010.8885733294939,608.7614290087208
2025-01-22 20:00:00,24.33835345970793,79.92571706063337,1009.0309533881637,499.99999999999994
2025-01-22 21:00:00,22.942030558021553,85.48394983194127,1011.1383753688152,382.6834323650899
2025-01-22 22:00:00,22.626722763121577,84.98949396737798,1009.22188564143,258.81904510252105
2025-01-22 23:00:00,21.084185187187458,91.48095895706656,1009.4358597133328,130.526192220052
2025-01-23 00:00:00,22.011052350236575,96.55721800306144,1009.4923446128076,0.0
2025-01-23 01:00:00,21.929841824249884,85.8612435628836,1010.3420374136386,130.52619222005157
2025-01-23 02:00:00,22.961775089594138,80.76161588585961,1010.1128206390172,258.81904510252076
2025-01-23 03:00:00,23.524579577143104,89.57073417436644,1010.2736397701566,382.6834323650898
2025-01-23 04:00:00,24.87763135920251,85.08778636680032,1009.2614472149693,499.99999999999994
2025-01-23 05:00:00,26.974764873977875,78.50466870392768,1008.347235049451,608.7614290087207
2025-01-23 06:00:00,27.779517390873156,78.53084767099718,1008.8588163723354,707.1067811865476
2025-01-23 07:00:00,29.45238234602601,69.22986756989991,1009.6171907700353,793.3533402912352
2025-01-23 08:00:00,32.132554766653456,63.53229172393027,1009.2178111611147,866.0254037844386
2025-01-23 09:00:00,33.05004327185889,64.66098928254507,1009.6459635006917,923.8795325112867
2025-01-23 10:00:00,32.76624796566507,66.7524253602928,1009.0064474394374,965.9258262890684
2025-01-23 11:00:00,34.389712262606224,65.78273362948181,1011.7831553464605,991.4448613738103
2025-01-23 12:00:00,34.39110889363867,63.19517116246915,1009.3879760060192,1000.0
2025-01-23 13:00:00,33.72026411836095,64.57492329366318,1008.8981902943029,991.4448613738103
2025-01-23 14:00:00,33.38167521787332,68.18944217107723,1008.1870491391622,965.9258262890684
2025-01-23 15:00:00,32.9138722747157,69.1236006525882,1009.0755231774508,923.8795325112868
2025-01-23 16:00:00,30.040364857527592,69.09580432366151,1010.490586251003,866.0254037844387
2025-01-23 17:00:00,29.642772546497568,68.71654821012014,1008.6888167832137,793.3533402912352
2025-01-23 18:00:00,28.521602320284163,75.59699606403582,1008.9546596052722,707.1067811865476
2025-01-23 19:00:00,26.36496583050942,77.09479389184969,1008.2711815199434,608.7614290087208
2025-01-23 20:00:00,25.908980151766606,78.21507828883277,1010.4107502252674,499.99999999999994
2025-01-23 21:00:00,24.61930964587383,84.75631340269622,1008.7619713917239,382.6834323650899
2025-01-23 22:00:00,23.10700492949356,84.71340332184015,1008.2898898437118,258.81904510252105
2025-01-23 23:00:00,22.467916990158283,82.52704664620401,1010.3812710929035,130.526192220052
2025-01-24 00:00:00,19.630569072030617,92.34234082355728,1009.3085238570122,0.0
2025-01-24 01:00:00,19.937870276093367,92.88434085223909,1008.5503323288436,130.52619222005157
2025-01-24 02:00:00,21.102373946701807,84.75731306585615,1009.1516155650125,258.81904510252076
2025-01-24 03:00:00,22.58970153308967,82.81960296000395,1008.3474910149413,382.6834323650898
2025-01-24 04:00:00,23.119831645509272,85.29908205480025,1009.3758660847396,499.99999999999994
2025-01-24 05:00:00,24.554557015138524,83.79505037540825,1010.1349358274223,608.7614290087207
2025-01-24 06:00:00,26.067787049144073,78.14065293785623,1009.6978096866688,707.1067811865476
2025-01-24 07:00:00,28.365732958742544,73.8706328433672,1008.0507066807954,793.3533402912352
2025-01-24 08:00:00,29.4164180553233,71.80602039749259,1006.8525664394521,866.0254037844386
2025-01-24 09:00:00,30.529229246374314,68.3355569493896,1008.934702703162,923.8795325112867
2025-01-24 10:00:00,31.225020308670956,69.12145842199529,1009.7346878026051,965.9258262890684
2025-01-24 11:00:00,31.440689493129305,69.65793840826964,1008.7656893078822,991.4448613738103
2025-01-24 12:00:00,32.232282961123566,68.38153652979203,1008.0897972834215,1000.0
2025-01-24 13:00:00,32.201423736501745,64.98926219165436,1009.8332937837473,991.4448613738103
2025-01-24 14:00:00,31.24267380008712,74.02920343021113,1008.8017700030942,965.9258262890684
2025-01-24 15:00:00,29.930860009740005,71.0800211628568,1008.7220562026318,923.8795325112868
2025-01-24 16:00:00,29.262848671650843,67.62537083138855,1007.9715535663198,866.0254037844387
2025-01-24 17:00:00,26.88189053050534,80.08714171491003,1010.7358493580481,793.3533402912352
2025-01-24 18:00:00,25.810653111411078,78.87222860760781,1009.0952881485792,707.1067811865476
2025-01-24 19:00:00,24.890902601368786,78.43613539469071,1009.2636049682009,608.7614290087208
2025-01-24 20:00:00,23.35047653557103,85.80232943867748,1009.2148176020648,499.99999999999994
2025-01-24 21:00:00,22.120760079844104,78.64878296131408,1009.703111304997,382.6834323650899
2025-01-24 22:00:00,20.33968745640947,84.82872639661169,1009.5364385849911,258.81904510252105
2025-01-24 23:00:00,20.75415203552689,89.07935038506315,1009.978110532669,130.526192220052
2025-01-25 00:00:00,21.98956504220655,90.96561327633904,1010.655306094028,0.0
2025-01-25 01:00:00,21.75893470101376,87.70843151467726,1007.4133757527595,130.52619222005157
2025-01-25 02:00:00,21.864242246440618,84.74177572117019,1011.1862842821545,258.81904510252076
2025-01-25 03:00:00,22.852842319876775,85.66392978059991,1009.5668269406971,382.6834323650898
2025-01-25 04:00:00,24.205227136398452,87.67469884849537,1008.3926922029221,499.99999999999994
2025-01-25 05:00:00,25.727815370215723,77.31695750247441,1007.6953190534359,608.7614290087207
2025-01-25 06:00:00,26.877541367759584,77.1338068733356,1008.5860393401393,707.1067811865476
2025-01-25 07:00:00,28.39012969389042,70.00078822120366,1008.9322359920279,793.3533402912352
2025-01-25 08:00:00,29.431065726196724,74.41803643867537,1009.0977813175912,866.0254037844386
2025-01-25 09:00:00,30.697290850599042,68.67779106765232,1008.2631851590661,923.8795325112867
2025-01-25 10:00:00,32.539165591128445,69.94302015581255,1007.140169095011,965.9258262890684
2025-01-25 11:00:00,33.03649391052034,64.4466137922594,1009.6866816411072,991.4448613738103
2025-01-25 12:00:00,33.29002422733107,62.164043550121406,1008.69628762899,1000.0
2025-01-25 13:00:00,32.58096794254489,69.06608553070602,1009.0366532133286,991.4448613738103
2025-01-25 14:00:00,33.33017367879536,64.15767020096541,1008.3069347977462,965.9258262890684
2025-01-25 15:00:00,30.6692094040251,64.25216216318198,1007.4312056216512,923.8795325112868
2025-01-25 16:00:00,30.316989238717966,71.89219659225387,1007.4341508626245,866.0254037844387
2025-01-25 17:00:00,29.183859340865407,71.18309816321886,1009.1621345766422,793.3533402912352
2025-01-25 18:00:00,27.989536227339936,77.71144549291671,1008.7468109167509,707.1067811865476
2025-01-25 19:00:00,25.18491552988946,74.17472273623316,1008.2961882454142,608.7614290087208
2025-01-25 20:00:00,24.07786079379838,79.88273983094969,1008.8840845975643,499.99999999999994
2025-01-25 21:00:00,22.979211167572327,84.36700971943111,1008.3653389838332,382.6834323650899
2025-01-25 22:00:00,22.071600826488957,88.1826202957303,1007.9249424872138,258.81904510252105
2025-01-25 23:00:00,22.09333714535095,86.51756131244531,1009.0341911876014,130.526192220052
2025-01-26 00:00:00,22.520491096193076,86.65866620140436,1010.1174395352607,0.0
2025-01-26 01:00:00,22.5143910094313,84.13390585721609,1009.5258064265536,130.52619222005157
2025-01-26 02:00:00,22.398368358197835,86.5289424009339,1009.131072910703,258.81904510252076
2025-01-26 03:00:00,23.81968476880924,82.97501792806473,1007.2824538558498,382.6834323650898
2025-01-26 04:00:00,24.892021430694317,81.49449184203472,1009.3241592933449,499.99999999999994
2025-01-26 05:00:00,26.099632043486697,82.59785943562072,1008.2981280531329,608.7614290087207
2025-01-26 06:00:00,28.651112484828168,74.97935811595872,1008.5180755915037,707.1067811865476
2025-01-26 07:00:00,30.606953601484676,66.20518230176121,1010.0834570749574,793.3533402912352
2025-01-26 08:00:00,31.666675043586288,65.65478928559749,1010.5567682014118,866.0254037844386
2025-01-26 09:00:00,32.28400131438461,67.29807825907035,1009.4246247401187,923.8795325112867
2025-01-26 10:00:00,33.29538193653615,66.84166094640705,1009.9577916218997,965.9258262890684
2025-01-26 11:00:00,33.08767285568011,68.73767501727424,1007.5018109133118,991.4448613738103
2025-01-26 12:00:00,34.68265698673562,65.0148014370115,1008.0733364711323,1000.0
2025-01-26 13:00:00,33.756531698321915,60.16982259789836,1008.9493818710588,991.4448613738103
2025-01-26 14:00:00,33.20851916517856,66.92194326645091,1010.4746116474671,965.9258262890684
2025-01-26 15:00:00,33.106866477079066,63.09976296610696,1008.9550810276029,923.8795325112868
2025-01-26 16:00:00,30.324664788454328,67.93306022360278,1010.129154534445,866.0254037844387
2025-01-26 17:00:00,30.527089566954036,66.24277425045217,1008.5718386421946,793.3533402912352
2025-01-26 18:00:00,28.153181006085333,75.53412146428815,1008.3546993814258,707.1067811865476
2025-01-26 19:00:00,26.82550013618172,75.92748168642382,1009.1498506304692,608.7614290087208
2025-01-26 20:00:00,25.43952600856665,80.14021479229952,1008.7279170108209,499.99999999999994
2025-01-26 21:00:00,23.8689382954826,82.99703453141879,1008.7942918714654,382.6834323650899
2025-01-26 22:00:00,22.840833430524615,90.11427465046492,1009.7252223492887,258.81904510252105
2025-01-26 23:00:00,22.22308876781581,88.64468567790058,1008.8304834115914,130.526192220052
2025-01-27 00:00:00,20.860071952659865,90.38878267127456,1009.3588792331151,0.0
2025-01-27 01:00:00,20.701813139037274,84.88374526571997,1008.3394139082095,130.52619222005157
2025-01-27 02:00:00,20.480394707960386,90.46803986837035,1011.1986963766045,258.81904510252076
2025-01-27 03:00:00,23.146519019843577,86.62111526463511,1009.9670258520638,382.6834323650898
2025-01-27 04:00:00,22.372980766790175,84.62601706721757,1008.6783976252111,499.99999999999994
2025-01-27 05:00:00,24.410171564125864,81.6752254159939,1008.9940907994222,608.7614290087207
2025-01-27 06:00:00,25.283859728678653,82.6760113109953,1008.3934383513796,707.1067811865476
2025-01-27 07:00:00,27.946047336537244,81.33015333617543,1008.5467967855329,793.3533402912352
2025-01-27 08:00:00,28.008365872493382,74.1252555893729,1010.567141012118,866.0254037844386
2025-01-27 09:00:00,31.495324048096126,64.3207031204505,1009.9628806003559,923.8795325112867
2025-01-27 10:00:00,31.23700682818315,68.20814128072128,1012.1105247241364,965.9258262890684
2025-01-27 11:00:00,31.31757942740338,69.12606012967696,1009.9338745488848,991.4448613738103
2025-01-27 12:00:00,32.81640279633622,65.66114386774025,1009.7742319166234,1000.0
2025-01-27 13:00:00,31.87324030789006,68.0609002079552,1009.122989101622,991.4448613738103
2025-01-27 14:00:00,31.780448001501203,66.3302729888667,1009.8432817710216,965.9258262890684
2025-01-27 15:00:00,30.501518914143343,73.3751129240298,1009.4147876535309,923.8795325112868
2025-01-27 16:00:00,28.386993399763107,78.01177770261576,1008.5604490762568,866.0254037844387
2025-01-27 17:00:00,27.499540735157257,74.21393464755502,1010.8406194702902,793.3533402912352
2025-01-27 18:00:00,25.205672526877198,90.00190054722559,1010.5222381861854,707.1067811865476
2025-01-27 19:00:00,24.832214820316004,81.17088835751913,1009.751735451977,608.7614290087208
2025-01-27 20:00:00,23.534070848056214,85.86750506173773,1010.0217858431229,499.99999999999994
2025-01-27 21:00:00,22.075659287374886,86.25666616432824,1009.3149080934659,382.6834323650899
2025-01-27 22:00:00,20.979903070983575,92.44150414863404,1010.0597380994002,258.81904510252105
2025-01-27 23:00:00,19.007760358799995,94.95218161198929,1009.6609175718381,130.526192220052
2025-01-28 00:00:00,22.55419264929556,84.72605934214222,1011.0330547697621,0.0
2025-01-28 01:00:00,23.241755300845526,82.19785639483813,1010.3159943369006,130.52619222005157
2025-01-28 02:00:00,22.881566237541232,81.09801303055073,1009.2822248251862,258.81904510252076
2025-01-28 03:00:00,24.752103076590597,84.35516898294706,1010.4220274698733,382.6834323650898
2025-01-28 04:00:00,25.926094920942504,80.69634501945987,1009.2674604545532,499.99999999999994
2025-01-28 05:00:00,27.226594029240353,78.94804051720234,1010.6632333795897,608.7614290087207
2025-01-28 06:00:00,29.158003713255827,74.80890411509155,1010.2603902573177,707.1067811865476
2025-01-28 07:00:00,30.651536417291844,69.61736338766913,1009.0270673985484,793.3533402912352
2025-01-28 08:00:00,31.482013545546625,65.80126497448741,1009.2337637748017,866.0254037844386
2025-01-28 09:00:00,32.73392837928004,63.15488347844004,1009.6009805201371,923.8795325112867
2025-01-28 10:00:00,32.81289211674825,66.01409688862232,1009.9101475251383,965.9258262890684
2025-01-28 11:00:00,33.95055766971882,65.07662166585958,1010.8465121874027,991.4448613738103
2025-01-28 12:00:00,33.75976709533402,61.19229147363332,1009.1397996999888,1000.0
2025-01-28 13:00:00,33.889150434698486,65.71012365639827,1009.7151159110033,991.4448613738103
2025-01-28 14:00:00,33.627442029569835,57.73352884764007,1010.5443600799854,965.9258262890684
2025-01-28 15:00:00,32.186558517211054,66.80668085637687,1010.1863189877342,923.8795325112868
2025-01-28 16:00:00,32.24387632543784,62.58578615176699,1006.8894298939553,866.0254037844387
2025-01-28 17:00:00,30.208386070510475,75.98476140351161,1011.1478884027156,793.3533402912352
2025-01-28 18:00:00,28.66837673515582,72.18833797279223,1010.7160646464134,707.1067811865476
2025-01-28 19:00:00,26.52385965705115,79.38135399396636,1010.4144122089427,608.7614290087208
2025-01-28 20:00:00,26.093651981267946,87.09167615419734,1010.3013580169549,499.99999999999994
2025-01-28 21:00:00,24.066424527545472,82.79042800833307,1008.139866144887,382.6834323650899
2025-01-28 22:00:00,23.020038039267344,83.73207660712599,1009.3848536518415,258.81904510252105
2025-01-28 23:00:00,22.84416950580096,82.84440119125148,1011.0299727171006,130.526192220052
2025-01-29 00:00:00,21.099145497580892,88.77380804142237,1010.1470387319978,0.0
2025-01-29 01:00:00,21.38108234931687,90.71313009536917,1009.6078032327998,130.52619222005157
2025-01-29 02:00:00,21.573831297877533,86.94115931791494,1009.1290625250375,258.81904510252076
2025-01-29 03:00:00,22.44677234814176,84.6777926830825,1011.3493226292234,382.6834323650898
2025-01-29 04:00:00,24.230322629622755,83.12012447485712,1011.3258314106787,499.99999999999994
2025-01-29 05:00:00,25.47744180030697,81.21651094917273,1010.3717116955781,608.7614290087207
2025-01-29 06:00:00,27.231723139821607,74.78827774752203,1008.0361162902343,707.1067811865476
2025-01-29 07:00:00,28.584816654643763,78.0986110990123,1011.4011488507523,793.3533402912352
2025-01-29 08:00:00,30.581740707417378,73.5449107505839,1010.5635910394722,866.0254037844386
2025-01-29 09:00:00,31.440340505943873,66.2663633018092,1010.1588605924836,923.8795325112867
2025-01-29 10:00:00,32.60307996271399,69.40549338607846,1010.3354871728296,965.9258262890684
2025-01-29 11:00:00,32.66950229043049,65.66257929570881,1011.0761401974398,991.4448613738103
2025-01-29 12:00:00,32.37711455705502,59.35722802647824,1009.9243965990191,1000.0
2025-01-29 13:00:00,32.28424070989912,64.90709798725982,1010.3271531296932,991.4448613738103
2025-01-29 14:00:00,32.068570183316915,71.22026223677841,1010.801678213113,965.9258262890684
2025-01-29 15:00:00,31.491919832046495,69.88278176803722,1009.3361003307299,923.8795325112868
2025-01-29 16:00:00,30.618597858831926,69.53551142272977,1011.1454140657519,866.0254037844387
2025-01-29 17:00:00,28.116027619216837,70.10666846351813,1011.2928231065357,793.3533402912352
2025-01-29 18:00:00,27.28724672817055,73.71935188058637,1009.605270367236,707.1067811865476
2025-01-29 19:00:00,26.108845086714055,75.21407414796991,1012.1176064017667,608.7614290087208
2025-01-29 20:00:00,23.64873159779786,85.61771258122943,1010.1463149727617,499.99999999999994
2025-01-29 21:00:00,23.157994993543678,83.05166800657005,1010.3121405424384,382.6834323650899
2025-01-29 22:00:00,21.92334913011302,84.14673937242954,1011.2157577939308,258.81904510252105
2025-01-29 23:00:00,21.04688022415159,88.22043980567676,1009.4805840739022,130.526192220052
2025-01-30 00:00:00,20.28129254591243,89.86433162037464,1013.5542067039579,0.0
2025-01-30 01:00:00,22.159206561524687,86.62380573774745,1010.8787004531367,130.52619222005157
2025-01-30 02:00:00,22.377539899009474,87.88627754750668,1009.9607784670361,258.81904510252076
2025-01-30 03:00:00,23.876979535525237,85.39218487527326,1011.8597770080529,382.6834323650898
2025-01-30 04:00:00,24.781697244714948,81.49545548365208,1011.8144525183118,499.99999999999994
2025-01-30 05:00:00,26.30545217156565,77.32697352404563,1010.567989509448,608.7614290087207
2025-01-30 06:00:00,27.61338752294108,80.4202854086034,1009.902484206691,707.1067811865476
2025-01-30 07:00:00,28.381611013048985,74.73106049761158,1011.192478984201,793.3533402912352
2025-01-30 08:00:00,30.64913020749529,70.43359917873492,1010.9183890277102,866.0254037844386
2025-01-30 09:00:00,32.55003178173041,61.09722450110963,1010.3130942575647,923.8795325112867
2025-01-30 10:00:00,32.706984417942195,60.656464730653106,1010.965736877913,965.9258262890684
2025-01-30 11:00:00,34.188749415908504,62.68516063307088,1011.3722921880636,991.4448613738103
2025-01-30 12:00:00,32.932376992723796,63.28616179043397,1010.766394902021,1000.0
2025-01-30 13:00:00,33.19915678466638,68.44661781567855,1011.6992823430701,991.4448613738103
2025-01-30 14:00:00,32.2028828195482,67.3337486961996,1011.6398130308418,965.9258262890684
2025-01-30 15:00:00,32.375174581690004,70.99127289632511,1010.1264970905171,923.8795325112868
2025-01-30 16:00:00,30.157030619704916,66.91320518384633,1010.907571423238,866.0254037844387
2025-01-30 17:00:00,29.348552833148375,75.26489788347055,1011.0656402587024,793.3533402912352
2025-01-30 18:00:00,27.402535613682662,76.65020274938091,1010.306448380715,707.1067811865476
2025-01-30 19:00:00,27.054314465542348,72.06838798756112,1011.3263318612406,608.7614290087208
2025-01-30 20:00:00,25.574262484924905,79.87187456383019,1010.9515522473434,499.99999999999994
2025-01-30 21:00:00,23.141095976785586,84.17663300114161,1012.5144397570215,382.6834323650899
2025-01-30 22:00:00,21.2603759969387,93.07954911001158,1009.7176341298948,258.81904510252105
2025-01-30 23:00:00,21.633578252958465,86.44511023318708,1011.7301445521157,130.526192220052
